X1,X2,X3,Y1
-0.35026495541375335,-0.5094622786664947,-1.192631112356347,0.962565536166598
-0.06652824298055109,-0.1617632499604254,-1.0708529574989942,0.2304742151605671
-0.1554808646968158,-0.14182728895258834,-1.447784977221505,-0.0626075079234358
-0.3963125172938265,-0.9837025190101121,-1.1449103108251888,0.27248179072645295
-0.5871004419447718,0.004262609616551616,-1.5235490364271769,-0.2520091874891523
-0.09807691209875162,-0.20313483740197347,-1.5543635597747145,-0.44910547039529675
-0.13017577042107129,-0.026611497115599403,-1.8962420657875136,-0.4433413592959165
0.06915698699665657,-0.025871087739198495,-1.9589628384976316,0.17476810444115184
-0.8272470285002743,0.12614961318388018,-2.1450593673173963,-0.19804451081737445
-0.6574478339393774,-0.9192917968641053,-1.269343534973936,0.009599567401337591
-0.06605333052829959,-0.28433413340721897,-1.2702230920246658,-0.057453823197122666
0.03289481924244417,-0.6695891563535082,-2.0198498193728365,-0.05933179906675139
-0.15156894151703276,-0.43013406112040675,-1.668462612241559,-0.21618776409237822
0.03985869396988778,-0.198916407008329,-1.0828441330185927,0.15445634415865703
-0.3788302989794287,-0.260761622127537,-1.6807881503540654,-0.012678068141355952
-0.021742747385301475,-0.5468819377270033,-1.726612441967053,0.060924301926008326
0.24663633154522793,-0.24789062937576256,-1.289049086799102,0.10965069943929034
-0.708969929444917,0.19585770731833546,-2.1233249568414774,-0.006109563482132794
-0.08980175812408425,-0.4189086519383174,-1.0993991436604609,-0.7398970929612333
-0.35446318619880723,-0.14316591763415526,-1.0904463720088657,-0.06183689202334894
0.04583876933528998,0.17049952567872095,-1.9042343622047493,-0.8283356172615266
-0.42314485607183294,0.15920886340019158,-1.1957693955994029,-0.3569691888647477
-0.3846493908917292,-0.4083545034185559,-1.6029299466255318,-0.08700208843045396
-0.16473899148714666,0.5433088683175864,-1.8507486293292708,0.16970994167160514
-0.8226269369894668,-0.6250988219777133,-1.204814382189337,-0.1182558611216839
-0.6333428630119605,-0.4430031744834402,-0.9992592229755057,0.0315776265325744
-0.03542031605240599,-0.5937240043858981,-1.8633139708068907,0.09191725784698959
-0.04297451855912811,-0.7392773364584541,-1.5407837613832096,0.09282812711498754
0.18487262537644708,-0.5462765716639759,-1.5835680801616627,-0.0958251542499225
-0.4627575000041512,-0.17890767943985975,-1.6324706637644044,-0.31712170284209296
0.07429103592315592,-1.1521451869152193,-1.1039278337584106,0.15504531066191435
-0.316138778601408,-0.5703656620153843,-1.243122889029578,0.17929614038426533
-0.4079215137664059,-0.1044404006896395,-1.6021716260437748,-0.011460458837024859
-0.635370246021284,-0.8368486630541077,-1.6023043739441536,-0.2268939305789619
-0.3703020713798362,0.07575938161507656,-1.9024223803796438,0.004185610343629423
0.5457073182157032,-0.781262052753248,-1.2750249137751695,-0.30293359783168167
-0.256411449922815,-0.5069982541690657,-1.9262737269986727,0.4839809734049487
-0.1190300189341438,-0.5113060951047073,-1.103592282431604,-0.5247926942854502
0.8870237461442001,-0.08054442956948829,-1.9456778090847258,-0.33515760864295896
-0.10399072359166997,-0.09051755452642368,-1.6255538345158176,0.22428249254441332
-0.051067407571405765,0.0539980109409024,-1.9944193634884355,0.5307015317738236
-0.037512321304747825,-0.5910147158763818,-1.9956313215371517,-0.0476163075006233
-0.12342829179062645,-0.4217949042251585,-1.5691096742015194,0.28415823624015546
-0.35506082992606214,-0.470391520776115,-2.0548259997408964,0.2609543718495559
-0.5494492764267171,-0.7240588471909235,-1.3040066019039207,-0.2540806961064905
-0.10944493137436345,-0.253882224147868,-1.396441673125921,-0.47436393535101434
-0.05808031357160591,0.07889326167883315,-1.0878958738676967,-0.1196324280364246
0.20842448357335705,-1.0890825245861229,-1.7938754497247393,0.03129214799019494
-0.30440456873390576,-0.34909726124738105,-1.9658521750829543,-0.04402364524819706
-0.22650932296573684,-0.14296522951145835,-2.0818186783431116,-0.2907168196449259
-0.6956412303895303,-0.2587984684531249,-1.9628334961585137,0.12739440441269465
-0.2790242182816882,-0.859175113336997,-1.981794603836391,0.1268928199117575
-0.6370044921062441,-0.4775362769090108,-1.105650610179483,0.19779072505215894
0.15326644463635475,-0.5546422810558793,-1.055179436652957,-0.59611475344808
0.27633894864177205,-0.6004389195365719,-1.583378623008002,0.20293056169871265
0.8411372515438196,-0.15805225559622083,-1.1562025865273549,-0.501347239779506
1.0739483946534347,-0.19132109202419634,-1.9689162399516213,-0.19546681119702777
-0.022076522087706482,-0.17091269928230282,-1.2614167279859956,0.17353947461670954
-0.31829395335880845,0.025029609950472292,-2.13453553054508,0.30127635742596165
0.09259859454762086,-0.2726050381103601,-2.0177814038177804,0.144249849742636
-0.6356946293099184,-0.46683255831994963,-1.154273688690244,0.7396500320877901
-0.4029527317329503,-0.5738724459314823,-1.1206346521971953,-0.18123017903171817
0.5772874536435573,-0.627398255245067,-1.6956599176434617,-0.479510032332644
0.10087789036979977,-0.5718706051486125,-1.6811000101315257,-0.08047788091321735
0.39419535815572615,-0.14526587290344717,-1.9919353798714745,-0.6046132855714984
-0.38667331597686266,0.4233831528682393,-1.7406645894884154,-0.31008391525150025
-0.2779227228275629,-0.7606683249658961,-1.4136098153221943,0.21281265230908222
-0.3302698735415116,0.2575444300718365,-1.0976460971032849,0.4433262027568876
0.24389137959610135,-0.6061984233769616,-1.4697097414468372,0.1387019506697753
-0.27906932137536206,-0.8039237780102715,-1.629534853458066,-0.30433066970040146
0.04708710845170383,-0.10900659302560811,-1.397703224878569,0.1159284917522853
0.8053324785711548,-0.7098191362393307,-1.9975189675792704,0.3725550795704853
-0.6711766963155746,0.1781343902293705,-2.017554472944769,-0.20443062397898465
-0.49136121065608884,-0.47736552769009755,-1.9702751542471049,0.22757444766739543
0.5598101253759973,-0.14888656268123165,-1.5835586585413135,0.47782193370481924
-0.43214125844876855,0.08572083941985864,-2.18077377460659,-0.1788313463473119
-0.6218401853274331,-0.483702158433892,-1.857399701955102,0.24906024255135317
0.40027069027483797,0.1264618519890654,-1.186948169891127,0.3872380861598292
-0.7231462917215777,-0.03582935000205495,-1.2150049324484322,0.20692761614894728
-0.5438470422432455,-1.0140644431362442,-1.093983723089754,-0.2832996681303587
0.2935827440604557,-0.45926036225077826,-1.0517190906539537,-0.3510977879193936
0.09156219462829421,-0.30663578565322064,-1.499227759174509,-0.1732961428486418
-0.3660851606676576,-0.18792225569297752,-1.8680273754991938,0.10312295408947114
-0.19992231167317875,-0.3452136388173933,-2.0636719132635393,0.2545543990392195
-0.19260788336699775,0.26648143911566863,-1.906354196843568,0.5082196066383293
-0.5218169440469428,-0.9436667223001373,-1.5160739214540842,0.2248191751107368
-0.5923032427708295,-0.37444535462860906,-1.5652937806919491,0.5223897261372488
0.006387968940214511,-1.011101367927162,-1.0941375649280807,-0.06945427600728468
-0.12602102664214168,-0.1623971273207378,-1.1124424913155024,-0.19754375290969103
-0.4573536834710681,-0.6412701777655773,-1.6594130576754307,0.146369836847889
0.6779561039412552,-0.6615236816779051,-1.742469349491236,-0.09200685631285171
-0.5389617915188153,0.04277941201349017,-1.5830093432329186,-0.260961210833601
-0.3198226018151046,-0.21035360805188885,-1.561995926246745,0.3009109446977242
-0.2748830936452571,0.24062839611170586,-1.1327770983296892,0.17994094706006447
-0.7745454045664629,-0.5769449397446437,-1.6240381502523327,0.5440290820288373
0.08456345124772673,0.2383624327916028,-1.3711914910887537,0.011487388478941575
-0.3880417743701198,-0.8422538686148371,-1.5073026121524769,-0.2738321546265738
0.05841009718541407,-0.3680074638089674,-1.4588585153504434,-0.051936543996325676
0.03848763224866855,-0.5055145004842054,-2.0271925207531574,-0.38882952557127637
-0.2017293676352101,-0.8809709121270555,-1.2530444148661464,-0.2455471449820249
-0.7648488769645898,-0.20759772684527567,-1.2412741524529491,0.36182648330306244
-0.10745441370629341,-0.236240977604327,-1.8732868401163616,-0.09830647441090938
0.023338369871845746,-0.37033502286631104,-1.340029181690849,0.003656783939275557
0.05963306983316763,-1.073157939269999,-1.3056879553228082,0.20485878804783986
-0.2949153664854668,-0.20940493955966144,-1.3693950404549018,-0.5534417352329605
0.6072293962597208,-0.13025447707576132,-1.421956600404718,-0.3560449940328617
-0.351982774287946,-0.8913884476182349,-1.480395641339731,0.3301119077284233
-0.3119495556165489,-0.02525065129063564,-1.1841194596489468,-0.37683385817922277
-0.014387375949353853,-0.8433640608021413,-1.3436756321419137,-0.7257838164371981
0.09582159340159191,-0.5841621289844219,-1.4041487838225333,0.25783464721317595
-0.3745822368899261,-0.4603328124293402,-1.6340148374761094,0.07073918941338905
0.057314876565863274,0.16361203663960514,-2.057817022245908,0.3442472802781504
-0.7090541699117975,-0.38641634400397235,-1.6090396982410462,0.10042342124250836
-0.5442110557670206,-0.08341262470342942,-2.04141867510455,0.006122321192719993
-0.5807778746863743,-0.5019839641506807,-1.479905656660505,0.16783694656042308
-0.21215755925724164,-0.4405647913092252,-1.1043808803631123,-0.09316216706344571
-0.0619548769109113,-0.036837654959375854,-1.288855522676681,-0.44426149785726066
-0.26007114350788163,-0.01641506400290471,-1.945377398410967,-0.30236899722967087
0.21822911550892216,-0.05213113345725301,-1.6161549608586392,-0.012967719635373711
-0.35561385744981405,-0.8396807677588476,-2.1587330193969976,-0.11768960157266699
-1.0480150286962047,0.003397296345013401,-1.2063583097377313,0.7707144931621289
-0.13169311190798616,0.032086560244376006,-1.2433033869567227,-0.15481533037902168
0.14399049275475434,0.21819244799356835,-1.1205259884056198,0.007039037780904728
-0.684579209389771,-0.9614027649697995,-1.5453169471551256,0.11002501961755055
-0.12056175926204403,0.8718349927555763,-1.0109438497946142,0.0369459702258749
-0.42952000096981563,-0.3064601730631551,-2.1393710751602844,-0.0525100071921895
0.2096001005876623,0.0404220108635539,-1.1829795553202664,0.45252049499582575
-0.5020032931557856,-0.600316794843301,-2.1063752906831876,0.2881675298543078
0.45523026545244627,-0.6567407527638206,-1.6740910502849524,0.006103101581935597
-0.08485714130028144,-0.9106274004151256,-1.558876699321198,-0.7346974485610998
-0.19260392568588225,-0.21938374332849478,-1.3807040994841144,0.29590559455717047
-0.9858893921411476,-0.191281270084018,-2.007566553020398,-0.07857099769013898
-0.17643641487889838,0.15819974030694472,-0.9364699705196933,-0.10069835845634584
-0.01611589070309466,-0.19323539890812536,-1.8349617172866943,0.24975102717143544
0.015647609606896505,-0.5570028291958403,-1.8088325785097885,0.09681041783547854
-1.2914289222715405,0.16167722509427185,-2.117841556123884,-0.6234587259336288
-0.38923627343322953,-0.07766642356489606,-1.4708430670086674,-0.1192426912723074
0.11517727837469333,-0.359418344965302,-1.483902803725679,0.47878831762547647
-0.40942579352592456,-0.7736255404546939,-1.237110684058825,0.4945873825945405
0.10218649838479613,-0.9099820853888754,-1.486852068264331,-0.9432986245140752
0.4646839711103571,0.3425288700331558,-1.3852458588419019,-0.44505082232026805
-0.6900500907546646,-0.3933144545696719,-1.3358647616829344,-0.030747199767914977
0.5071701649352034,-0.7363872205482555,-1.8147759136114332,0.49409132742420303
0.025741933936258662,-0.049132561731654256,-1.910258919294705,0.39198442440349063
-0.7146696819945149,-0.03997924228667521,-1.8038559175921685,-0.259580291816417
-0.27500672993254205,0.3158703547049618,-1.3102676119179084,-0.2909733108603642
-0.1193318946023009,-0.7510601665565251,-1.1389621291891607,0.2378421584580332
-0.9280766723724397,-1.074108980346237,-2.109460682164726,0.4804188393529281
0.3239830597339998,-0.24768643932416776,-1.7638804127229712,-0.044143515833136165
-0.7303987551166018,0.1336881762270118,-1.3006208291388037,0.2358355556025996
0.6258431277448389,-1.3484325483438833,-1.0369652231871993,0.3330992011769839
-0.40986774167848805,-0.34622925037607044,-1.2197298278067223,0.18690810096879568
-0.22703393891351675,-0.5114526796004392,-1.3775598542884153,-0.15445131901329023
-0.12013047793364691,-0.05479899552068649,-1.8084850208405572,-0.1422902709433819
-0.26832976598501157,-0.6216604544707245,-1.295939268809839,0.24323634451212708
-0.004752197366770489,-0.45020908117270947,-1.686329038677824,-0.1666202832051995
0.28106316595699954,-0.05074223672004416,-1.1103589108387353,-0.0019326823766972756
-0.4367638304045902,0.0407482892413929,-1.9950397671582059,0.029332664584466102
0.18279603517414783,-0.43109441251739594,-1.6760625266832245,-0.20436852985284598
-0.061004529328391816,-0.2535639768367839,-1.723176594063134,-0.02851146609806432
-0.5001895258484081,-0.3624052104735398,-1.0868904229129588,0.20695487742115515
0.14389219231530254,-0.49380393697514074,-1.2694941540738858,0.4612912645509605
0.7438160078479309,-0.6542369854032477,-1.5025035141769965,0.1559521985541037
0.056114196958411654,-0.4020039226118797,-1.7884864712915318,0.22226606163680424
-0.05038878439151177,-0.4353722962107635,-2.132232807939985,-0.22616901191282623
-0.8050802772295566,0.9127224277503733,-2.144929003225699,0.47347385030944505
-1.2496686263870278,-0.03713196137135083,-1.8735929667411115,0.22961840273083123
-0.6224428074487223,0.5592794462557071,-1.5338953423415225,0.982329920066511
-0.9076256043197685,-0.5255402591967467,-1.7398775770187607,0.4686911056854006
0.16378508899909222,-0.6657166935484917,-1.7161891744680378,0.1885430615916368
0.007937829621957632,-0.1995697929448611,-1.3450662035428596,-0.6937174372171995
0.03524726648364718,-0.31403396322030475,-1.5424815804282868,-0.266342514783983
-0.33453623596192794,0.16595500286917025,-2.0834374778067137,-0.18376244039861467
-0.9524324425477729,-0.5032494596460023,-1.732668267569336,-0.0507845368691274
-0.16170542921349376,0.3011924490516388,-1.7373676801860305,0.5350678624650993
-1.1641174746149892,-0.11976847227142212,-1.3838927547717468,-0.03897651560189077
0.25146010759239223,-0.8049995811269834,-0.6895826309914841,0.11205789665755762
-0.36606759903413894,-0.7721184344246743,-1.4425332727064242,-0.20331952364806288
0.5614317741707415,-0.707432048715771,-2.1366740438004372,-0.6411715163744802
-0.4286705910429329,-0.2934145715743306,-2.1000931680561994,0.10662670052326917
-0.0046964161657331305,-0.634758346045837,-1.3240358023208993,0.0164435307954133
-0.5189108099059454,-0.7418608385551003,-1.8560998029621207,-0.21440277541367397
0.248217870136911,-0.35481631747385023,-1.6955328661593643,0.21417396724049048
-0.3855124627156131,0.13146674108341605,-1.3438843146627408,0.26381065780248075
-0.5251286447009598,-0.14237593850511793,-1.664049829668977,0.20416830161511498
-0.3729973351168094,-0.21672816086249325,-1.6812182233376174,0.26432899313838154
-0.5712448708482067,-0.8320059894690517,-1.2901457659717757,0.07507593537420137
0.4345141277489315,-0.6665420248285869,-2.0572248814556815,-0.42994000968911306
-0.7480381223850988,-0.49591713125307324,-1.950369844805604,-0.5426902680970813
-0.10812316382237586,-0.349197949665917,-1.3986860600533677,-0.23569659420682407
0.15229244548063198,-0.4437135869208644,-1.4546845518800642,-0.2777060187850815
0.4369532968796957,-0.5717442274553226,-1.4293034915684295,0.46388496925983613
-0.47505214966148623,-0.05074601417912794,-1.41451479037137,-0.27947017112630007
-0.7621294361215805,-0.019707616688901308,-2.070152526526216,0.0995472347753639
-0.3240908647154558,-0.5413728528315663,-1.532204774216648,0.07521793624855583
-1.0011131748291024,-0.592906228838823,-1.4326362033949394,-0.07371355798241291
0.3180301656222464,-0.7296482364929613,-0.9181996043128934,-0.358352602701282
-0.031382573099700994,-0.5269979990248304,-1.1002655604264382,-0.1551116768198354
-0.17105651181849088,0.03138580395848267,-1.3499963137877793,0.02753933237301373
0.2523214876301429,0.07686018835576858,-1.1769291269791555,-0.22773924832820708
-0.17617284261540092,-0.009202763656763507,-1.8946003455333702,-0.017790123027457194
0.36883580869877153,-0.17828657474031656,-1.4993873666233604,0.136880370209854
-0.2193812258826243,-0.005415598822041762,-1.7280568049468323,0.3181741357714314
-0.06712546056225473,-0.27513195337946317,-1.452676284303177,-0.16979195460698937
0.009206314164662166,0.01444870236887802,-1.9770188989766015,-0.08675471232478688
-0.357878101693336,-0.36337144896472856,-1.4442462045488198,0.11005438382705836
-0.872740197328882,-0.4937733809769421,-1.3981810915160697,-0.133985824402485
0.07897422495394421,0.4704515081519463,-1.144535748977183,0.18909289169073568
-0.2908704582314895,-0.6515010291890286,-1.6753146329030835,0.07980214773775271
0.05014047843579834,-0.3438475686351833,-1.9991294187133626,0.3740161590829358
-0.1854234598756789,-0.1183258334935231,-1.7120289852733706,-0.5028470852927689
-0.05678943712120499,0.05155862557093621,-1.5948358812195091,-0.20102146481297042
-0.40588048855987974,-0.6459280490210467,-1.936781048709081,0.04049827282397293
-0.5693637891585701,-0.47292465864330285,-1.7667782745682947,-0.12616150065172826
-0.40899211348896214,-0.5279701112346078,-1.1679161643345242,0.01098246612636633
-0.20649548594193656,-0.4649696550135182,-1.5620092452500036,-0.15070496726532207
-0.2123985856125347,-0.4005167074616601,-1.4778458040832971,-0.3971761871435988
-0.5023245812728443,-0.5169146545717475,-1.6172600292460606,-0.06424611112947758
0.06333719449975922,-0.46007673625064266,-1.4820118805528706,-0.33592597296156423
0.20693056065117235,-0.4246390487326467,-1.6365414581228932,0.06432472621386182
0.2991321597117418,-0.053665293763986044,-1.2146148870554776,-0.07046694478746283
0.36485608034880423,-0.3713753077546088,-1.7621896672006236,-0.13674084389834412
-0.19045594935208104,0.24733252365579356,-1.810389885872454,0.3898460367497381
-0.14311190011628444,-0.5510892885665345,-1.5656498624894868,-0.1816152556216445
-0.2555304975261411,-0.6864865510695027,-1.3303500740236567,-0.13959135613473045
-0.22112812032683704,-0.23980736499820293,-2.1492155881210397,-0.22240858155482762
0.7471642704292305,-0.009962010665131138,-1.4584294059256282,-0.24710017781476745
-0.9086082762236414,0.02354601061291517,-1.8871685940806395,0.36974015439179325
-0.4861375677884322,-0.5129473182180794,-1.744651294572939,0.36198323192499865
-0.27262786474207096,0.3293927715426962,-1.9521701235226256,0.3084124513257144
-0.5131634906784682,-0.9798080185499258,-1.8406490916264806,0.14794770780785302
-0.30922552331820863,-0.18370880786086757,-1.4393773555403424,0.19411509198921578
-0.37006122236181505,0.4737801759899239,-2.0071417909419433,-0.23150594664267143
0.0838937457636788,-0.8107157607990225,-2.0787362747786813,-0.49788320398268193
-0.30622167230843195,-0.3761953989994997,-1.3771209979657375,0.52277261742207
-0.7036863147276916,-0.5939044287046308,-2.0137190814157715,-0.23194122597274253
0.5667140644109314,-0.6520717472049176,-1.105914782204835,-0.20446549019016275
-0.1496381420233718,-0.5844840659192775,-1.8040050724005625,0.41693462843301204
-0.17435250076403577,0.30715205123740885,-1.6545229110148933,-0.05868054211248238
-0.31573276638901876,-0.3161792848347096,-1.8426923255342942,0.3127905694406039
-0.3078760169094344,-0.08865778529584584,-1.4098620895477936,0.3885572554167134
0.9831942469304934,-0.4965257328684206,-1.0701919139971325,-0.047287059137559345
-0.014237068117053928,0.11774698557854679,-2.1557581930905667,-0.17466623849277713
0.41095231526159276,-1.2375599003630953,-2.097644100317582,-0.41330109851697544
-0.916125197701993,0.014521067649149521,-1.9268145195628203,-0.2085567444035926
-0.24455408098240888,-0.0494231696933847,-1.779611030015996,0.7760192148002083
-0.9426517808687913,-0.19197997400696937,-2.089426236322345,-0.21892564194104183
0.1810658580988566,0.0484642089744759,-0.8608813624722362,-0.18554179249762032
-0.1736567619854692,-0.6058380063018014,-1.6695793786346442,-0.22961571314945978
0.45717866388166545,-0.5821227445441749,-1.623700832458327,0.3668884218474845
0.29673604193542924,0.17138961795556396,-2.0051405133642723,-0.21151509822295492
0.2203489884504561,0.16889081046188642,-1.963661468596454,0.1713664295940064
-0.6333511067665022,-0.012007285626993935,-1.3664713805255753,0.4091007144876171
-0.03252232437125774,0.09419156781954735,-1.3609475647926972,0.4410137625754775
0.338684471046441,-0.5827923322477861,-1.5070583314340111,0.4666326298068189
0.2832172698324611,-0.9355462233340206,-1.7688059387403594,-0.0073110067641731225
-0.496586817057724,-0.028947707884224794,-2.0517714475912197,0.3156065349011657
-0.01314206936142634,-0.21974054083929634,-2.1138594270981588,0.27752807065855417
-0.01612293207335941,-0.3497635732857863,-1.3086839850365184,0.508352673889628
-0.3700800604892427,-0.7156111497668055,-1.521152439405435,0.004761424811452697
-0.05026438782626899,-0.6073835767071649,-1.3925815183533774,-0.2502527200586098
0.46413925069299033,-0.40076210335023105,-1.3167749822032124,-0.33444137856863776
0.00756373210224541,-0.31291476187308304,-1.7479938976263298,-0.13083382208339184
0.00311453482170633,-0.2980771944619311,-2.111451347862637,-0.07163435261810822
-0.1154733021638292,-0.1581193949803184,-1.3327229715395217,0.3655793988693379
-0.11362687993678577,-0.4845797252977727,-2.1640327592075774,-0.14088068943996376
-0.25706344259262776,-0.22907960395297786,-2.1351682694624334,0.687613819341411
-0.27611164053179055,-0.22796414617619418,-1.1502638739709115,-0.08949479968568247
-0.1599891649819063,-0.4423336384917349,-1.1269657264586728,0.30240592655506643
-0.16925397849664883,-0.28220562541180216,-1.1891493136276763,0.5352321231501667
-0.07219396909247289,-0.8942182633421645,-2.1619306526567206,0.008528982007339127
-0.013948480161584995,-0.6936931939064173,-2.0220863889534155,-0.31873220481869824
0.06278099361117645,-0.22469324944992286,-1.0824870812351806,-0.09449931356074937
-0.40218702378488513,-0.46012016864321914,-1.9898289771787359,-0.5462747242963886
-0.3205809541281815,-0.3507583338651036,-1.6011017781903338,-0.08413774255814063
-0.40512337095076056,-0.5299899624898302,-1.3907108322648476,0.06859668739390176
-0.5894236308267582,-0.9979365951714193,-1.325458514781859,-0.038659592830976974
0.10695788835619341,-1.084865804475088,-1.434777306459028,-0.2791316681706077
-0.24865418072306578,-0.10788281137675881,-1.4463494713564655,0.01915154664804139
-0.37816012536625215,-0.322794676692088,-1.7282256262292306,-0.4093366993328447
-0.05501475192674034,-0.5720840371833743,-2.067269224284754,0.17050993325449476
0.09299958193292784,-0.3926243912886334,-1.8383247695856573,0.08273910784298309
-0.4206041268442977,-0.49216730220502675,-1.4706075092151767,0.34491878158043604
-0.5603049442157795,-0.4635787550531703,-1.804503713084583,-0.06918520536746826
-0.5342331755006693,-0.16393955989432987,-1.9537665338428702,0.20387810927174863
0.3835457986254661,-0.5502524232680289,-1.836563729041604,-0.35087674473862973
-0.34778980949711225,0.03402213654251213,-1.6012825847228533,0.3588812766711529
-0.21053471040729468,-0.4769151048587006,-1.3209445523217187,-0.12523387191199925
-0.17308620793370108,-0.7355504504827826,-1.339929816772699,-0.525520214352174
-0.06560625232639969,-0.6186174999961209,-2.1272828853595556,0.0008399724701004252
-0.0989252219834259,-0.9103860138808956,-1.167804878512882,-0.3376607170587135
-0.007307511018462998,0.6427235772343043,-1.759452193359985,-0.475260050730961
-0.25666495829770664,-0.43194226513431105,-1.660201844530861,-0.12120332601707687
-0.2901504789948006,-0.9898016567529573,-1.2607195543096001,0.33171793977398856
-0.1343834982001113,-0.8114811380328295,-1.195990260754333,0.5073221293966786
-0.05257639896053429,-0.6141000502961709,-1.3787852262895104,-0.14772339200689327
-0.19266268649059365,-0.3500456076010961,-1.4073413587615526,-0.10190580992110265
-0.4450356125334548,-0.07140692368093768,-1.4183587589051014,-0.13698658960549745
-0.02689558947360783,-0.15553737603462375,-1.8667741515336393,-0.43506751680018
-0.5313055714369956,-0.8037741548563226,-1.5226887703287637,0.09508839678339215
-0.258323249264387,0.27963309049540236,-2.0829505596181632,-0.19864584318168696
-0.17170919255948944,-0.8279860917044517,-1.8627992529448554,-0.417394500920948
-0.32412043894507203,0.28313949185685744,-1.5959598037860414,-0.009678297787864026
-0.6391045455381092,-0.5985871455213381,-1.8372346720292196,0.0411920793503959
-0.5305467314987233,-1.1633446446270987,-1.6798816579193625,-0.08022018032332637
-0.9387209168666016,-0.4611743466624494,-1.2654099471021498,0.21644376028853912
0.1767594951572527,-0.5179861822761035,-1.2942456970886829,-0.618096717723061
0.33801721368639803,-0.5245782215384608,-1.9438412732432573,-0.28149436894181123
-0.4958374946529468,-0.9681218142850665,-1.770215513913627,-0.4361211626216267
-0.6034002584832296,-0.1854037987645214,-1.5262092467100552,-0.386027229010242
-0.1840111545942103,0.0069115713465539574,-1.5500912410690488,-0.28013479172676004
0.18523618541966186,-0.6048693205222366,-1.3762362462692357,-0.01451158717002246
-0.14304445571349508,-0.9099336861234554,-1.6330595112745354,0.29600047608302066
0.01655484400784979,-0.07010855059751389,-1.6181432964313398,-0.26691077318456025
-0.29781062263531743,-0.5044380951698761,-1.1153105593091062,0.05906469975397338
-0.19598776089663572,-0.30290910298472395,-1.750703977038085,0.08925023597293669
-0.5236508384553157,-0.6005061156641138,-1.0893213899022152,0.33968670701839565
-0.08790895702090634,-0.5259716134089112,-1.2338020493813255,-0.25652869673365286
0.06891073318506627,0.1077729951048948,-1.663250914830542,-0.3437228816940062
-0.3842490369646767,-0.7625100784315991,-2.055801484862236,-0.04232405075715384
-0.2299139876996717,-1.038047068353342,-1.9994943458430945,0.348390583115282
0.08814492056828455,0.2460762652391058,-1.7755072312467224,-0.09750129751102843
-0.2774549480126176,-0.4418578441902755,-1.5459576338876344,0.12980402841681904
0.20551287758642278,-0.2831966366615259,-1.652918899052557,0.13148658066541635
-0.04646992223102028,-0.32965842578948773,-1.6112222624260522,-0.3068168213274438
0.28500435289293385,-0.5508243665153624,-1.814833185344297,-0.04834381085360687
0.04429115775713219,-0.27804708246637955,-1.6069727456818441,-0.5618239070137955
0.4768400315870665,-0.027613635988769147,-2.0051690684658277,-0.15834259793087618
-0.34757316385009995,0.08592917893174928,-1.5522602851200626,0.31408188469343673
-0.8840478175937839,-0.6710981754861356,-1.7082400992736646,0.21478810712772622
-0.6897515528395425,-0.1578475940920346,-1.4279721756709773,0.29615314185222574
-0.013162187466297992,-0.34314927638036496,-1.4425235902319296,0.7977991259846281
0.047274258147516235,-0.202155376145514,-1.9882644487619523,0.2680779491911072
0.17110261660257883,-0.668855213406891,-1.2682442228960704,-0.39187671968785887
-0.8211589753542636,-0.528046733439029,-1.4633905117257344,-0.2785191760359507
-0.4671421929000818,-0.7466338667302197,-1.3621753929184248,-0.027614250422358523
0.031548749869367926,-0.42366265359793553,-1.6192810561874893,-0.30643151246663486
-0.4842194533567721,-0.34274457887118776,-1.8989812591153186,0.003107946520514642
-0.39031308851212,0.1136723627382405,-1.8043211377711965,-0.45464761666106546
-1.8420499108679542,-0.021621463730837898,-1.865818016953585,0.08866679165745005
-0.054202166847487326,-0.6855917101411677,-0.4019295056448171,0.032685999753067296
-0.5028581929952434,-0.9753817322949544,-2.101964360326414,-0.11382776811744352
-0.08670009585713945,-0.7312317625741045,-1.2732503232848036,-0.2582178507558239
-0.756472353284555,-0.2239347725133879,-1.6903634341511524,-0.7509365164299493
-0.09782817791478893,0.08262277188817674,-1.045999588692651,-0.19219655041756792
-0.1317692110143932,-0.6558116134786693,-2.128853187225868,0.056508966083475026
0.1038925188722128,-0.07262214339542428,-1.7334037108988252,0.009649695071329095
0.34861562278818514,-0.6622509370639519,-1.450138651727075,-0.016516266717586353
-0.4328843697996213,0.030282645824885546,-2.0835281079429238,-0.15300707243252626
0.008978272235807938,-0.06158271932951309,-1.9345371450017836,0.10821281588447473
-0.7579890797793015,-0.21203069725188323,-1.7435196919131886,0.02387949464456507
-0.25067622225883407,-0.6907917314867063,-1.3497520040326223,-0.5257343800386635
0.28035718845565055,-0.6652586140579828,-2.1014909337789964,-0.14617565186246684
-0.31679423383577554,0.20041186427250368,-1.3342510074919791,0.1475184228630129
-0.11773113991102402,-0.5974744194679404,-1.2577696656799218,-0.19280526135318318
0.22183094377699242,-0.4911449602602159,-1.5738490054069723,-0.027130851605503062
0.046141897393274844,-0.5239131165793982,-1.166114480587681,0.1204889712712429
0.03768611712073039,-0.4709542126748807,-1.3709198011875579,0.21668865349061944
-0.08793316253650682,-0.5605426619100147,-1.2170796270771977,-0.4302786673093776
-0.8747505794772817,0.09897074903484249,-1.1786092332441407,-0.0007171856904405888
-0.3023776977140385,-0.4560107134135894,-1.3249273290602037,0.05954790080514236
0.049266376681859306,-0.5676128459743015,-1.7159384796962607,-0.22338346906936296
0.20791697732575937,-0.6716849135499628,-1.8437530514653466,0.28261096359332644
-0.4258731910378516,-0.13768628491334906,-1.4604461917597322,0.4133759795896963
-0.5642096742302058,0.06631390787636099,-1.300700965011742,-0.6007981416803543
0.2538236528782747,0.1787646315210225,-1.1462865804854792,0.05576726386101177
-0.4360724914686386,-0.7196482600326399,-1.3360403864413906,-0.05812281684766263
-0.056487784004361594,-0.5915402531882676,-1.1672148294818494,0.009603101196847937
-0.002271024778736669,-0.15735006754223888,-1.4495433769141068,-0.017002880883973642
0.1673040220558482,-0.2842905856434592,-1.7320859789158525,-0.16865163593867663
-0.3340434314807069,-0.49360098277992204,-2.1373846692411047,0.5741092959374678
-0.43747686273926706,-0.46099166178244866,-1.4543565371473455,0.0012356579225354589
-0.794224455492281,0.02277608018349897,-1.717530521785549,0.13753744818271668
-0.19869142639193044,-0.7762522079641788,-0.9644478962185825,-0.1868364344075113
-0.5489160140505845,-0.7029337790567822,-1.8731224377051847,-0.14807120723131945
0.32005411793826627,-0.878518287660118,-1.3821739829612119,-0.3985997696234094
0.11230958145581293,-0.504069182898381,-1.7228798362961124,-0.5478636832717748
0.06638625360372435,-0.27374589077657174,-1.1942321237418256,-0.3218136354612224
-0.3143879747730927,-0.004909351863727374,-1.6272427498299564,-0.14523347907636466
-0.03234837977552877,-0.20290599532501868,-1.6465358215291366,0.05584479572310909
-0.0851326209272943,-0.471721380573228,-1.2723574187073718,0.44935360889389797
-0.7500691211948753,-0.18541004478326897,-2.1171574082553275,0.009571048575878663
-0.35988091413139717,-0.07308556002223021,-1.357560963665546,0.2410626837254679
-0.748469733367193,0.0004551510803254555,-2.1167130961606677,0.6759070705682387
0.1676990393218628,-0.8525991908859163,-1.417127432108682,-0.15458474228609392
0.10903043833344994,-0.31822661461442503,-1.4673928402370788,-0.009631651902112986
-0.12964516198869144,-0.6485240192836758,-1.4292729367134696,-0.3371066173649233
-0.21471420809724895,-0.12386458029302225,-1.1834950581202108,-0.21945882084259333
0.09547508118551515,-0.040837329074257606,-1.744465517662789,0.3861570639766322
-0.4667188840232941,-0.4032194710400654,-2.022915820861269,0.19426828110055733
-0.3176160349241948,0.4466489875070111,-1.4149541587034218,-0.2036726100331863
-0.6007378067381248,-0.6972203725314445,-1.7509194845711127,0.46091502928623995
-0.09206389301175376,-0.14015789396589912,-1.9418948102297888,-0.2054207126691156
0.3048836744747042,-0.45874970393727993,-2.1086753759271044,0.15038960612416052
-0.7613934429705205,-0.23582398675147717,-1.918759215216282,-0.08313712703287529
0.14045640567971868,-0.07845479955136264,-1.6176952990437854,-0.2683074616567167
-0.5395918692142512,-0.20321950774545938,-1.4442025882081002,0.011305102728807873
-0.04536232091660705,-0.5616464244215056,-1.7797351046529961,0.05140804980531902
0.31232270286287417,-0.5004156950452314,-1.5597504859182592,-0.3937526516620007
0.06273338901307757,-1.2233639062713855,-1.4131498290625946,0.3034979525671862
-0.3439279378498734,0.5007151863700082,-1.7827082224728878,0.05596496581259294
-0.45546685410381005,-0.3965369944264377,-1.9236918150516171,-0.270219077265015
-0.19387110896807788,-0.5269823335627446,-1.288439117679645,0.4013969595525469
-0.062019388146188015,-0.28039774261545397,-2.0469286042772588,-0.035710170168917685
1.2741964972920847,-0.3432423803058925,-1.1548991701391726,-0.412933413488774
-0.059022395470144706,-0.5654276035262025,-2.2411158755270266,-0.17839427322587767
0.03176188969219808,-0.145300045783663,-1.3565699830848614,0.10185830296737713
-0.9903166420080628,0.1677099176743986,-1.8119339526811147,-0.045754152589617125
0.0122856542340751,-0.7104883110425915,-1.5592985022203214,0.4476468908145256
-0.23862316665438732,-0.265999337286982,-1.2836332974392337,-0.22465519662549982
0.08162763832204209,-0.1474918813192918,-1.506775635624443,0.24063189904945295
-0.35330257123877423,-0.19863776038042838,-2.1176985726337807,-0.3608441937108416
0.19450093475643804,-1.0685610839082482,-1.2981116971959414,-0.02920762792808307
-0.5067026082790597,-0.21307842056510323,-1.483116831017083,-0.29212779412502593
-0.02419085410355329,-0.07843343914914225,-1.6342313943033437,0.13434155428010777
-0.5505972533562439,-0.4056744524592579,-1.8069732553607056,0.09541973940289192
0.14331586572790767,-0.5405900247154507,-1.601912805283391,0.14834596209276385
-0.8653395907190349,0.5496871381429876,-1.6388467774158904,-0.11577174763394221
0.12457483706425948,-0.28851267652407886,-1.5093803187576704,-0.2774788604100697
-0.4211749277032393,-0.08270068737157837,-1.7119430329815484,0.32694141920444386
-0.15435167423775153,-0.21878631754591155,-1.1201329202835246,0.06096846131161806
0.021530341012592408,0.06989242685873093,-1.9859734782364291,-0.4215308425962271
-0.9383614798810503,-0.26490605207425166,-1.8377553912916778,0.5123258627905954
-0.4461446953245537,-0.40782927859150037,-1.2293893372582168,-0.2206811359791761
-0.6960180525637071,-0.388835744991848,-1.5204022007119598,-0.13197166891623657
-0.3016310903574253,-0.9111322923852769,-1.379384157296902,0.4875157070852845
-0.18294485745606187,-0.6315911021616717,-1.7539588927302665,-0.19808377454918852
0.31932318626731176,-0.21518147598813583,-1.3962921564588342,-0.5510334810711087
-0.19346503761620426,-0.41863965748486864,-2.0124870866968374,-0.7302573951719791
0.16462819059685357,0.20171540014592276,-1.470959326938364,0.0672863110876131
-0.29672288093010596,-0.4780104373997881,-2.0439057131073843,0.2918502031718294
-0.1359162036584461,-0.0011438615926889217,-1.7353499378886938,0.7894925900043899
-0.4287417535244481,-0.532101520124839,-1.9395086257905494,-0.38593684370176073
-0.18351027975254264,-0.4054667602968545,-1.8290718705868314,0.08854707341779577
0.08424121912298227,-0.6363176611349278,-1.9510196814273897,-0.1905760908171324
-0.8066098523180661,-0.5938115398488416,-1.1728341948745333,0.05646847525781265
-0.22713915788451314,-0.04952328566201425,-1.5115958746977747,0.44747009909964114
0.044853241208521494,0.43947660434075453,-1.4546493436935224,-0.02443156289005447
-0.028532272123280494,-1.1203628105392807,-1.7678426669280136,-0.1616004588603981
0.33228275700796833,0.4896386338047798,-1.1358777124085022,0.06315374697114334
-0.7930471096952265,-0.7669888755177585,-1.5596584377311744,-0.2655632777678692
-0.2916414270509254,-0.36732053861057884,-1.0754513780320725,1.2827012785910983
-0.1434759843973914,0.3215661450197485,-1.9235589833964226,0.02761560390779709
0.39625772780705426,-0.5909872362512064,-2.110075948996455,0.2883937729387053
-0.3293734659619433,-0.3350209851850484,-1.9183572642871876,-0.047852525407285955
-0.8091389884446533,-0.19462740529120132,-1.3743605664203344,0.13226289934697572
-1.2777822069396936,-0.4637576645079885,-1.6642018752118495,0.4946507340325235
-0.7979596040414821,-0.23792953873553735,-0.5205383763709694,-0.0030299297466706288
-0.4846876260740672,-0.785719236516286,-1.2844333740569251,0.07492521145592983
-0.4868823419300299,-0.39181534287011194,-1.336339888935715,0.28114947623387976
-0.5491270484164924,-0.7682329315294802,-1.9441577677211428,-0.9843457976265155
0.5088085378148872,-0.46843490414182576,-1.8866152816117523,0.3744122778415935
0.06856169272298929,-0.9069946202110678,-2.0792593084208137,-0.4309007034082041
-0.30624560042497057,0.005566731803855474,-1.6595743073948408,0.012131071450827535
-0.7971770373725393,0.566614193032716,-2.07848002132758,-0.4722236242188834
-1.4097662423164659,-0.23500114586567594,-1.151050370983691,-0.23746089078240495
-0.034553826907762986,-0.05680525438761619,-1.261958944546329,0.17807498357600787
0.001339466878193668,-0.6266223860349374,-1.3894398986206822,-0.016147881389531077
-0.0996297057110146,-0.65276116896712,-1.1134384758830715,-0.534894515217744
0.17838919990093563,-0.027206812204329106,-1.082876283951506,-0.28881866186682936
-0.27839127464482777,-0.21064161257976433,-1.223241352932392,-0.39345093673093484
0.042059496165277016,-0.22873098747996423,-1.0887411905438142,0.20775017250135225
-0.41765160478879904,-0.19136143104124007,-1.41386815095203,-0.15039173556824523
-0.7728928523665519,-0.31175297184074424,-1.9719601639877968,0.09196728414913413
0.2475986379291503,-0.34753823115088234,-1.5420484139395456,-0.2921486768998013
-0.19994095973314152,-0.5439634650358344,-1.6311930480906933,-0.1746029557991657
-0.14942600664866118,-0.6424188490854901,-1.2017297954726054,-0.022755475895550117
0.4135798937427798,0.48712629381875827,-1.36852849358588,-0.23907930964435023
0.0074828241298901255,-1.5361396737179056,-1.928016422227174,-0.14462690859439561
0.2441830930220376,0.2668793248356172,-1.1550069170030826,0.8801353169542381
-0.12290201957877439,-0.6584755198557914,-1.1411350277886463,0.05648541515814426
-0.5093310019246329,-0.24844665691592435,-1.7209455847315844,0.7743215628000177
0.39769307940825643,-0.5450282735523035,-1.4346348069373245,0.06745384902071201
-0.35310176301183277,-0.4435514355075022,-2.0278334732013463,0.33336657258085217
0.22715719477360466,-0.796516048109787,-1.3834826457602307,-0.2896913580495154
-0.31110768302769265,-0.37331059966188473,-1.8941136310687523,0.21496054293882527
0.029235737923845456,-0.401971288604957,-1.1711585409158214,0.2931480910489943
-0.3828580627497053,-0.5311117580793976,-1.4366812945737732,0.13906586327328457
0.11424349035543997,-0.48622685553163947,-1.765404688502614,-0.24739321826251387
-0.0577801291942613,-0.3508408647307185,-1.8299788300445035,-0.02830946441575858
-0.02487114527462539,0.15802328190654824,-1.4679550414185774,-0.5069007603606805
-0.3503400871453011,0.005476347757965072,-1.417533938774726,0.41797916562612314
-0.11225193614334994,-0.6918453132881617,-1.5802946876326605,-0.2541513553511164
-0.09016777912421835,-0.5596616193594042,-1.9594058919475712,0.23908136024724533
-0.18016821476867292,0.1933718714365079,-1.2824995798243264,0.2720374320787998
-0.08462104566863515,-0.18333577929418196,-1.6742355877327064,-0.05921817068451738
-0.4405110128880361,-0.9423719547254786,-1.7442896211659233,-0.11005268034022556
-0.56132834648703,-0.32739486909620724,-2.1076865346288924,0.1051202663825889
-0.1719344925373499,0.11765557946072003,-1.4616419448222744,-0.27482677724002513
-0.848242519519518,-0.2766207366155362,-1.419253865141821,-0.24005019299233185
-0.22979911086066615,-0.6000073294202349,-1.183826828198798,-0.26570808432042686
0.34107682081891266,-0.5479617654393679,-1.4047089429356956,-0.06138582543964463
0.22499551888520264,-0.43369918613843705,-1.3234897122686127,0.05147335713024244
0.007940784738766998,0.005212439193629292,-1.0922588416311232,0.07293598739718213
0.17803155329238218,-0.19344132915988965,-1.8909952450705503,-0.2872638222323768
-0.1764644273505982,0.6439840798946241,-1.7341536492167902,0.0679337431317932
0.3316472369219691,-0.1817442267504133,-1.513444532713986,0.052678398945726415
-0.03171254116739289,-0.07901505508817376,-1.6131094820559224,-0.0009116108975149584
-0.26051946557256633,0.03258819095102167,-1.6958925550401636,-0.2703490927508628
-0.4410562738116516,-0.8301447284643785,-1.4223005267102524,0.5229272483653551
-0.30098529984325406,0.07873910177021892,-2.0250696634778773,0.1536705358640136
0.20663672090792173,-0.5464675336101339,-1.5917105312795639,-0.01681096449378268
-0.4575972069312542,-0.42036467139484923,-1.6970834927554828,0.1356603904181456
0.2649493926346104,-0.42423078244545975,-1.6042391183059332,0.09703286873578523
-0.5832439904790543,-0.4463161302405032,-1.3686803208027154,-0.5126809704803795
-0.3556092482326474,-0.37546455085522584,-1.1629733940749571,-0.05882441914376098
-0.24263085991787772,-0.8389212136233597,-1.264622114690523,-0.19779236704392011
-0.7171619104560023,0.24853231778201845,-2.146928577720365,0.33946070015249113
-0.3408405471968058,-0.24635427920015635,-1.2092601415179223,-0.27885371040075885
-0.49900721708149864,-0.14941124484096624,-2.022537876296626,0.19171619603694862
0.37943906101600733,0.4268329140958651,-1.9486312920107247,0.207004273389878
-0.35567240258271327,-1.0082828215633635,-1.2062348426939349,-0.19126662000865374
-0.2288473618257636,-0.7940089664085774,-1.7740293711835295,-0.14234038567091178
0.1922158095164899,0.12907751651414706,-1.1198700953272007,-0.13968256935061563
-0.24199758068979316,-0.985408882570739,-1.7261987392433997,-0.1257569616313449
0.04583643983495909,0.019861973662165994,-1.965278735306903,-0.1202682015988678
-0.283936439069716,-0.3652660579965442,-1.7305183092690202,0.4358008336946167
-0.3103575040800244,-0.0814605635309717,-2.1099600088929846,0.30979483430832
-0.2349675302117059,-0.6247860673497221,-1.5373899304797514,-0.09747731064682694
-0.0996841430896365,-0.29715665450162576,-1.8726254595296947,0.09119179107388897
-0.1205902992691964,0.04120360813899587,-2.0541572129504697,-0.3404271875589188
-0.15600366233462576,0.20601120729565792,-1.5961502710961302,0.3976877237407882
-0.15792737128373693,-0.8468677489562009,-2.1471630972129168,0.295440640895228
-0.4520476798109216,-0.9061362621339926,-1.7910905906323134,0.21550129961470066
-0.44945050337014153,0.3342373420774474,-1.7810826789806318,0.12546060745853962
-0.2785564523547108,-0.6144003422076747,-2.1349417271661353,0.2164858948481725
-0.41618918602002175,-0.3419524684787122,-1.314453015156431,0.3205652409958622
-0.6914259568643846,-0.3734748176678624,-1.6347963067901987,0.004846333621425475
0.2518208447407455,-0.8464220987475883,-1.3807238283240428,-0.506860884722745
-0.11703844381131788,-0.7213528044648763,-2.1668915071342907,0.09239705021451172
-0.11333979087343662,-0.16206206295249068,-1.2936237969020847,0.27184681328351573
-0.31762938349725206,-0.37717742124722936,-1.113433629379753,0.034920266229185176
-0.363055212053127,-0.0045039310919117725,-2.092454435775505,-0.09990588454331911
-0.01935885358533699,-0.9691416721773722,-2.0840368908114817,-0.09281486393483804
-0.151438157979363,-0.42289345690016866,-1.1130660385240425,0.7135777103358546
-0.6663317774932227,-0.22374279541391154,-1.6070044491376316,-0.14988755932593467
-0.23032469117490195,-0.42083074684149424,-1.0372756897667366,0.4980469122137744
0.14186877313328872,-0.6014988831024435,-2.056612376668086,0.08060510389872137
-0.06959847645304437,-0.5449261033074765,-1.742953349137945,0.006640828033326884
-0.6901723771692716,-0.25389266037077407,-1.6605342749910539,-0.3109748421954033
0.29132622714363093,-0.9050735797337832,-1.0338144793555963,-0.25554749367997776
-0.39277716770003784,-0.1539057266465878,-1.7577793273136866,0.1965494501473788
0.0015181315533023612,-0.42349095594669267,-1.8478494309092581,-0.3185944092349392
-0.369368098538999,-0.46867990142480015,-1.4346345426544715,0.09783030527932328
-0.5489948149176315,0.5121672626452868,-1.196908515797612,0.04763147442696453
-0.056668476596745926,0.4533215595512407,-1.95796596890175,-0.2951765064849989
0.1280146747300142,-0.8298526308197313,-1.2515728649125988,-0.08833677459261169
-0.5578771430286487,-1.2702434204959026,-1.336502929742535,0.181745391774214
0.6646455029298762,-0.1521108060658561,-1.6360649690202376,-0.18983997297718583
-0.6192664745463987,0.03402014312153556,-1.755670982367892,-0.49491566001767207
0.11855474541705968,-0.059637963286406415,-1.7126944731775833,-0.3236437328771653
-0.7305238833798207,0.18298089392343994,-1.7847133301019091,0.5313081201593157
-0.2882607100826062,-0.01767635984576621,-1.7571085014375016,0.0788043653567897
0.7136948733012006,-0.3414996201653691,-1.5096569929711132,0.012270971087826071
0.11245919712303068,-0.08238278074050287,-1.7214290520030762,0.7705559110688716
-0.219034828570632,-0.6453667674666499,-1.7315915425227955,-0.2401034576522442
-0.3435453750400206,-0.005533225947832898,-1.5504425969579436,0.2874744628155086
0.3785233429804655,-0.13441962249223377,-1.068605863340559,0.02887151503017335
0.1347930621362444,-0.42065243415135434,-1.5665312880764914,0.08035472171983524
-0.19633252015722136,-0.30422343921239864,-1.7498364226009433,-0.13463928412919485
-0.44167050313613554,-0.30675352462244215,-1.7592094721728653,0.41614327130347234
0.024826721504711297,-0.5819815314782171,-1.6886763476984623,0.14749536477786063
-0.09991784573568922,-0.181713193061714,-1.9179449471872125,0.5185710294086903
0.611961660224396,-0.489013341686317,-1.1269638792381986,-0.1303515937922279
-0.4434758140118066,-0.5222050263837892,-1.6209139144371507,-0.15900788792769804
-0.6919033033812728,0.052784872031387375,-2.1056856136479976,0.3072016508645473
-0.5718287491393446,-0.07093245864130299,-1.4268553187324369,-0.0040679505094889205
-0.5849037170591911,-0.466213634221455,-2.0845997880810296,0.007608793177725948
-0.4922671014886689,-0.7100323403065896,-1.4882752753585757,-0.22389984739280178
0.09532803416511099,-0.45917767475829385,-1.4189587497399905,-0.0426358755052256
-0.1514577568760186,-0.8440069738742393,-1.1213008244709521,-0.7328676336442036
-0.3126981723596068,0.35318658781724854,-1.2091185763923649,0.36152533333006465
-0.10901812820582304,-0.4775607356050318,-1.2893803985189827,0.006514323894014462
-0.9658433260061201,0.38828766334347353,-1.8704567861823456,0.1530445801190914
0.06876280403916343,-1.084506978313197,-1.9135721546185125,0.12730658244847282
-0.2884133919172369,0.08632618055309829,-1.5798010642868674,0.1941145802418123
-0.47662533498389825,-0.8707174840173197,-1.4721766581573126,-0.25630939869810043
-0.6230399294188618,-0.0789855716552679,-1.5397851474175175,-0.0400846441862867
-1.3429691945282793,-0.8795755367388159,-1.272021664808943,-0.00999517253968494
-0.478794809152771,-0.13516884543917668,-1.3189721128609584,-0.3304582198623187
0.23885008088144621,-0.9814349123666504,-1.6365261194900964,-0.5057282454408311
-0.09271008927130314,-0.5679075639160098,-2.0820020984956558,-0.07636674788775516
-0.1653303956848155,-0.6719075839313704,-1.752077998998128,-0.8180580643551865
-0.8106154474399823,0.002754860208833393,-2.1623287830139253,-0.08065408576247848
-0.35142488764450514,-0.6919196466118904,-1.970664284375861,-0.037886219045854236
-0.13015686336040683,-0.4142146268609698,-2.037906804503728,0.20531761636546575
-0.29853288251594906,-0.5995929735497262,-2.105226958851834,-0.17706297956851114
-0.8331514234132876,-0.7741373194267825,-1.994358137720317,-0.26767594680444073
-0.3293513526466649,-0.3724734099769056,-1.60543788236862,0.008275351633720965
0.18567024862514087,-0.43066187804887385,-1.6421613532086479,-0.785443136275345
-0.4148158689560857,-0.9050681163251008,-1.546902450571158,0.03987920894403155
0.10365606442623787,-0.8260362211385843,-1.551566582500188,0.08944952644044729
-0.5646237255774622,-0.3348136224882781,-1.5174574691186147,-0.20574880857334465
-0.31270510750949354,-0.277694339621022,-1.3500594004942934,-0.06091720596912345
-0.17373067612330464,-0.3841834947162217,-1.1576635745575525,-0.3444352808730498
-0.603453874515885,-0.5860721119983403,-1.605324977604782,0.16083137127991334
0.1937694443486606,-0.11157301307858661,-1.1183782948130478,-0.23258519099081765
0.21994076056529954,-0.31996116600687,-1.8741734306823261,-0.11181254077719811
0.23364541502587552,-0.3141205921798573,-1.9955047423785124,0.234749007675744
-0.14319931323584725,-0.070640187097464,-1.5175679317725697,-0.284286957800072
-0.7902060355104035,-0.5519825576233989,-1.4868135034022991,-0.2090720875554724
-0.4378512652193375,-0.6183202421635374,-1.0316005135453197,0.35345039871402223
-0.38119881076590945,-0.49210216773998294,-1.641229848057458,-0.07573033616721045
-0.36742387741173177,-0.7193948107958583,-1.3687477692663537,0.29300691084998176
-0.34784677469446484,0.0034120654599815725,-1.9558788170906105,-0.03016333299538379
-0.29135932839935924,-0.5907308865444809,-1.7283957121219422,-0.41140084036247493
-0.6134682096307296,-0.4841484925874859,-1.7209995553841286,-0.3805997201747509
-0.3896429384145627,0.12266857356569555,-1.0665395483072144,-0.3531260509170274
-0.863649605941421,-0.6810098639170099,-1.3107180285150823,-0.11912980531120967
-0.4590201231576404,-0.955686981744124,-1.881241020912292,-0.17425019616460408
-0.11358449905371892,-0.7115373197789181,-2.073780179077753,0.052605369236665034
-0.5162920004542608,-0.0867700936782535,-1.2939403724636491,-0.44115346091558627
-0.597809181230565,-0.992584325865592,-1.453363136199029,-0.5152015613966395
-0.3016670229631097,-0.21185571143716408,-1.4129027020204128,-0.46436615692375866
-0.8111301163009044,-0.7034316375884797,-1.9407959674046587,0.4970348179230686
0.49357183717789377,-0.07249198153311415,-1.5589065751143028,-0.35186752512146446
-0.6652349072761368,-0.3064773246556648,-1.4356069705212997,-0.7559662927838706
-0.30288864474749133,-0.16559905741425007,-1.8622178721530678,0.2124531222458834
0.004084958178443704,-0.031019391180772182,-2.1325864965502377,-0.25670605692219595
-0.6583839671196821,-0.29599138802971625,-1.6036973772533565,0.08050600444767947
-1.007304926396226,-0.3068363593561657,-1.2414553530645422,-0.035380544173763254
0.42822348268654786,0.07507873580516394,-1.8638863422439076,-0.03679343523471635
0.02792361794605397,-0.2426137500577476,-1.177324845998534,0.23814096517405414
-0.3652947061400765,-0.7301925664874795,-1.2821065770452114,-0.2573180025643682
-0.13513423088325294,-0.3140629478278873,-2.0202152184452524,-0.22188385097628144
0.01010631686813826,-0.6012916939691735,-1.5300511581348037,0.17404239421709095
-0.10472424714840692,-0.5139246359118745,-1.6700278683680818,0.057625259101939164
-0.8744162240187906,-0.43048834924019824,-1.811551955862773,0.24709197576049158
-0.2190846153683131,-0.5719977937476819,-1.6858772047724186,-0.03859704821106028
-0.2403347192195382,0.07285903807162208,-1.631680127809226,-0.16982447229288108
-0.9041135477415234,-0.9817449974696298,-1.1336331968137077,0.2869972457502439
-0.014377153956495803,0.07977729793651372,-1.4022765325239397,-0.03998751109435351
-0.06964057190667244,0.0628515782930889,-1.8399230574162433,-0.5575686723682902
-0.6027571304550353,-0.13066213238876867,-1.1618868831303213,-0.04864456521048449
-0.3245217561629919,-0.221106362307397,-1.9529632411198508,-0.26554105663969785
-0.3111798461901142,-0.9183774000450675,-1.8135386794477573,-0.13281783445841558
-0.3127791980059754,-0.1320534550706286,-1.436198516501479,0.5370459685227373
-0.4796944266437966,0.178260827116362,-1.9836764123692379,-0.18224666289649016
-0.7526000106696306,-0.8984469088208966,-1.8444583853304226,0.1521149534532925
-0.19523528096376905,-0.629392451942435,-1.8610840012244294,0.9228743597195834
-0.7128624334918721,-0.5590761162502585,-1.81117071834772,-0.22482749712424582
-0.2618420952377214,-0.6506577299688729,-1.1648534770268282,-0.25163324502330214
0.27365529991463816,-0.35102622559534985,-2.1319292071044265,0.12965925574208412
-0.28321749711927263,-1.3313759895414208,-1.40344875608272,-0.22150383377573232
0.022378785343168894,-0.04108224219960299,-1.333382514991649,-0.9199647365615162
-0.4100089971788533,-0.18825803291719484,-1.9602348501353233,-0.17468575665544636
0.13510102749095032,-1.2616962648988768,-2.141824156703975,0.29548453582778783
-0.37958115909425516,0.19181921570322324,-1.7573787565864651,-0.093169904802673
0.1633475328600037,-0.6239118179795813,-1.885892590464693,-0.42849212684419047
-0.3134122773532378,-0.6635721254119774,-1.2075812082459008,0.13357021213841952
0.1944049424259895,-0.514050815052571,-1.8594966758351128,0.17278657657135
0.3176592617750936,-0.3159815573953742,-1.1058527677900993,-0.13402074323306132
-0.029208435603175514,-0.07637777788715094,-1.5301905862827878,-0.04998914150745255
0.07204247288132642,-0.28310457973729547,-1.2234744731495493,-0.4287851561847962
0.7010012736401096,-0.2567251675127498,-1.1204521854608414,0.21778308884616182
-0.040368168889766395,-0.03470302665719455,-1.9499179405623868,0.3181678874901877
-0.20390488727177442,-0.006303461524014231,-1.8395651810366598,-0.012540001165352532
-0.14907647704555949,-0.5355817489948902,-1.9789176810519202,0.08992266099023329
0.016405881165720893,0.15810831724038094,-1.6775161853987948,0.18849257134150094
-0.4005618303223373,-1.14384998232348,-1.2168365606125717,0.026063503095506223
-0.6017147349157191,-0.3440898185415059,-1.0922560778691046,0.10373186971680175
0.25135564491754825,-0.7077926479138015,-1.5339246698399418,0.22128460109158268
0.10069546046008682,-0.33764075860648624,-1.5995524918748083,-0.056322109282771995
-0.5887848633802997,-0.10183332112114424,-1.1304604517935626,-0.1835543626197417
-0.14959471962281098,0.02637511111479049,-2.0647280683784563,-0.028921123406562194
-0.049840824687482306,-0.48947747289649396,-1.2375502983221347,0.1442317141292093
0.011603368433421357,-1.513585734192655,-1.9029193881812079,0.2214166247790106
-0.23507945821984566,-0.5822502924399849,-2.073169654257007,0.024785577529529784
-0.6784321251646794,-0.8675857196765397,-1.8946413609206472,-0.024320260924224457
0.13467961933203987,-0.47741543612075754,-1.5844887213343433,-0.05508022613349567
-0.7779298917082114,-0.6053253397838955,-1.811591217376288,-0.3764842167163248
0.41355922879017204,-0.5018289287973219,-1.5539961700538982,0.4394566819005734
-0.49567046920550273,-0.4138054653841285,-1.8761145721867727,-0.17105678301085014
-0.26925209123696414,-0.6130595029469499,-1.4129836031679859,0.04291712489699103
-0.5258973947401817,-0.14616959432647603,-1.7304209140346323,-0.26442444333521536
-0.13359469178593633,0.43996708514409905,-1.2635770306502976,0.5227534653354886
-0.04532165220316192,-0.40827147712259315,-1.8250638206620091,-0.20795759256556304
0.28215028411226395,-0.35413798493775434,-1.9400188456146035,0.577218998567957
-0.27105518612497,0.12699335721757093,-1.7234113760175822,0.027626966277613713
-0.5155005910276712,-0.7238587420399594,-1.1453247483612332,0.21236695046580203
-0.4470375142468421,-0.2866919009031339,-2.088983255472117,-0.1556780254461328
0.3761716449715755,-0.4156823539515907,-1.8082042820156523,-0.24797002648704677
-0.547144380014072,-0.15739385817086954,-1.5484305508065819,-0.006257866547391535
-0.26486879450308637,-0.639044372891687,-1.5616222145257252,0.2714894914233695
-0.3011131960059152,-0.40427437114012876,-1.2578730823834712,0.16251862231694178
-0.23112727960334567,-0.35842745792908265,-1.3838674015067833,0.7040845420516153
0.18559077823716683,-0.30584668556779915,-1.4008907160110642,-0.3024972629193783
-0.11110223750178985,-0.5380968300415598,-2.1036426672034465,0.009145597399024132
0.025268970425648185,-0.24005059178889365,-1.3256578230269263,0.17449196871189956
-0.6110188102331748,-0.008867936131116055,-1.37162566346201,0.2747240514344388
-0.13438046547713672,-0.14475928200799373,-1.6546594176684755,0.29431585354046286
-0.1872160645877391,-0.5230972224572799,-1.801580209169656,0.23535220844304888
-0.18779563470902022,-0.09955626225781855,-1.5926806382204546,0.4582633825033462
-0.7321618257553172,-0.28986320871071486,-1.8088081479905576,-0.5792207852760819
1.2212045091593504,-0.07055910841636481,-1.5853805834353532,0.33839835384045247
0.07657809217574235,-0.6823252793762089,-1.3297312993420647,0.3742420713473404
-0.6653483392038899,-0.009112703788930476,-1.9256288291699595,0.10879817239435657
0.6352213229520938,0.015526271024049881,-1.95772592352416,-0.2488581107235613
0.40561268484408336,-0.36486147877682323,-1.147262477334039,0.4589507459152926
0.4519799357563426,-0.08256221738359876,-1.5843896516043523,0.16099200881627848
-0.030705908174174318,-0.3493493520744969,-2.122683739783596,0.20726891493348826
0.296978844255659,-0.09167236193142347,-1.428102265724734,-0.16675922733411314
-0.6150556678707428,0.7455831116969822,-1.479881472212707,-0.40503181825808743
0.14080663201885601,-0.688388739253998,-1.8424711318689266,0.7052210611489537
-0.2813804022305608,-0.2671429038402093,-1.5808212614149622,0.025338787704950516
0.3123093724047135,-0.7047546022497573,-1.0689851508931765,0.1004232172147878
-0.012021199934055454,-0.42843120611558255,-1.8468464889556242,-0.35604405946123374
0.9272470529015175,-0.3127809696262509,-1.8083496029456987,0.21623032306281784
-0.4608700432071188,-0.358322627528653,-2.1740018300789083,-0.17255141453688533
-0.4030968295066516,-0.03638151253594146,-2.075331425003637,0.03380729364276813
-0.09099400959332182,0.49774328390028955,-1.8331115171786074,-0.030020966396994378
-1.4831606708342333,-0.9907026310069436,-1.220630448480211,0.2726124027211322
-0.32012021594644974,0.22140122275486818,-0.33515642003179025,-0.31650596674202225
-0.6708442023977556,-0.29559491638877183,-1.9650175261610907,-0.17676014633507403
0.2807657007846287,-0.5166884393800405,-1.7655822767525837,-0.04476474616823803
-0.43714773643892946,-0.17894335681952028,-1.3718820828271814,-0.17211307112776109
0.3583648296582885,0.10478461041276396,-1.2813453075184293,-0.04097688366075693
-0.2481643383876076,-0.6060331464497307,-1.904770687156807,-0.07673860702244774
-0.39583867169367937,-0.6954466422857757,-1.7470976540238152,-0.17682595085150515
-0.17311490373861804,-0.4568689731277766,-1.6048972475847725,-0.1720049391931294
0.3002791916604728,-0.3701839753607359,-1.1967756050453442,0.09794705993541664
-0.16633836163930474,-0.41743211208606734,-1.0968974834192717,-0.3412572561299866
0.10531447740759836,0.04728549532458831,-1.7858645464833982,0.6433043819768637
-0.028375411553629236,-0.6085056199818809,-1.2622992332362077,0.43771233929004183
0.08880285212601668,-0.7650494268791705,-1.5519742796436606,0.1538226586318882
-0.03348360115120456,0.005805384334436531,-1.4456497012252718,-0.1346240486988059
-0.12932919820793695,-1.019664888465683,-1.535638071050068,-0.1321496479417567
1.175928332122187,0.18972225792979688,-1.7193994479182237,-0.05590218228041498
1.0817263416731782,-0.7042352125656837,-1.61915379192209,0.034066454985302405
-0.8357564398548005,-0.470228467011526,-1.4525450399301647,0.23939275585786712
0.11804339648195172,0.18092002833561055,-1.7418697976254487,-0.11251958782417024
-0.07626820232681575,0.4304612673507599,-1.1975110538563332,0.0601339954609883
-0.5055410465934339,-0.9702441774275317,-2.0902163886954495,0.5356816250744096
-0.28225357780485477,-0.18667698955148013,-1.4318639896021494,0.3623403785866167
-0.19749604651465255,-0.20944251620915758,-2.061913949305472,-0.14728618921322956
-0.3892729445583886,0.048378231948786043,-1.8077802367086175,-0.06902091128609307
-0.3026872285471333,0.07705756223131865,-1.6179369641856591,-0.08106592870499618
-0.5277938093934167,0.1358565658824168,-1.6952712104634322,-0.004333281673036149
-0.44770476538556064,-0.41496899634520146,-1.8864253445429577,-0.20632094822181787
-0.10855137271674538,-0.46729029530033134,-1.7291456682375936,0.1752762065734652
-0.41952271160803545,-0.5701423723096967,-2.0838494659396583,0.041973059209074876
-0.07932294782773933,-0.22632201417003378,-2.068431936245835,0.11889192279716448
-0.5199765193388165,0.23705706918690622,-2.0853576354574237,0.343040996798391
-1.2063018874733336,-0.19766056385239922,-1.3860068108314874,0.2009735843375271
-0.5458824995856646,-0.8264456393258883,-0.8435155675368081,-0.029438479665393064
0.23206282076327128,-0.5276135149779909,-1.300423010111919,0.28367356244885944
-0.25978202519407795,-0.6897249367783099,-2.1295963544188163,0.30262345644711547
-0.051060837235256194,-0.6545328981916931,-1.3435845143223115,-0.24014894827714206
-0.8819573399654246,-0.19958430277131098,-1.9148369730714645,-0.5394551015845092
-0.2386319622353436,-0.39770106224857826,-1.700532799658368,-0.25242592864237545
-0.05342121285725357,-1.3049488566304146,-1.9832211497780685,-0.11391005117928951
-0.5447541247821062,-0.1608178346853592,-1.1577449502927746,0.09235689592114414
-0.7292243907628542,-0.6349324007336539,-1.9405432411663863,-0.5243146034102196
0.1563220657467632,-1.2035536028627294,-1.9517749880060191,0.25093034074320475
-0.44663670256660315,-0.5039712273880084,-1.666890668474187,0.2730610269605416
-0.6017179472416907,-0.4674259043815023,-1.6551648608306948,-1.0545365684186687
-0.005704806614475699,-0.23838535544473188,-1.9616915628432172,-0.46349540191317706
-0.24713654198768292,-0.36742663641192846,-1.7503076104205362,-0.15444969021554716
-1.6181280223187695,-0.9345247464131499,-1.1404825064359707,-0.3938778346839497
-0.4444457614320742,-0.25307445165109643,-0.9345200447411667,0.13928756501591077
0.042523833117292124,-0.9866233155166508,-1.8599799945938909,0.5449679740552077
0.2558900749395918,-0.31408033765883264,-1.4876049208823445,0.2655731204534707
0.5118507447592127,-0.260766504787757,-1.184549068261175,0.15691344768942428
-0.06085504851839334,-0.17614430681026616,-1.7551113572636372,-0.053643067049371926
-0.18469629048166503,-0.6313341683049726,-1.901060250887204,0.12030279567632499
-0.24207551174297395,-0.8963208846811912,-1.3310900891053725,0.540067273795877
-1.2215943212285443,-0.01352253304154935,-1.6456465597765026,-0.07600651847307441
0.01801371317434375,-0.046377632697400806,-1.2552623222797241,-0.17794526017581613
-0.34297032367331437,-0.29857218257773654,-2.0071355523120467,0.3058037995274444
-0.1995683577841838,-1.0436207021157426,-1.585354933990721,-0.135685246125724
-0.2366066284086096,-0.5402681060176866,-2.12905466441737,-0.15223261410719963
-0.0416431364721372,0.38979614668352924,-2.1518019681302576,-0.03044399377575295
-0.5699895220595274,-0.6180074950687078,-1.8424839728082036,-0.17141723328145453
-1.0106231887116115,-0.7575761566134189,-1.509962899825193,0.5147336504251858
-0.4239765611320977,0.140676244277936,-1.6554469359584605,-0.056683734198680544
0.3513991079304078,-0.26441537899575285,-2.1208588446318792,-0.24537148692913244
-0.423839662791584,-0.9211302354898042,-1.1586783110715384,-0.49656046686802247
-0.3868407629154398,-0.4962802341278173,-1.960147309949291,-0.005267433306931135
-0.4832388355960265,0.10147215012442826,-1.4668589231055482,-0.26662699766891457
-0.25219050576287416,-0.5568580942361827,-1.9613853059536892,-0.47639900850734773
-0.14020886690046838,-0.36177084586390806,-1.4270695333389027,-0.25868890351931056
-0.9041330221057087,-0.9454685554742551,-1.5233704345247507,-0.4083375214893019
-0.5219503351861873,-0.34805881474417527,-1.8344581695704965,0.061341091865618064
-0.36784057113112106,-0.9820974125083846,-1.7662855382045448,-0.3701881696300636
-0.7449982068570573,-0.7185257109299472,-1.4025194750096714,0.21061439550102573
-0.2992532315032169,0.17060740615417952,-1.0200897413369914,-0.13197425833722348
0.01846342570254153,-1.4029251389423343,-1.9462894909510804,0.12026719057966678
-0.03567078215699562,-0.2709865859478606,-1.116570216880507,-0.26612308508595284
-0.4879249479312081,-0.7445998220574503,-2.0853852367847523,-0.525674019162045
-0.5026783529558584,-0.28395497513491985,-1.6064636255206315,0.33793653758276665
-0.20733002629060204,-0.41834461587754446,-1.7271015676197217,-0.058258008136546566
-0.10681604673158797,-0.2175983299520341,-1.4080170609758051,0.14296183577242458
-0.5686590206930613,-0.2384567733954039,-1.471022860550516,-0.03053235190752296
-0.11981115494926707,-0.5831245576178843,-1.3321175997558532,0.09948815545871255
-0.16049357608347145,-0.5064627357624694,-1.916511616600072,-0.348871360661204
-0.13628806267173998,-0.35841511376258584,-1.7770349608700013,-0.1161630045981161
-0.008081500886100712,0.22234363982266275,-1.256428622728456,-0.4755466791913749
-0.2868254883616753,-0.5892865105363367,-1.1077149324805753,-0.02942364245056473
0.3263592444361808,-0.5379826833905459,-1.5411141828579749,-0.03169193151473701
0.09036716817725772,-0.08748543362133082,-1.324018113668834,-0.2188303651886517
-0.4864806972362542,0.13217819000123449,-2.155518405616899,-0.01393542254339953
0.24099852232023017,0.13188783191425413,-1.2225391629075433,0.14928152040173562
-0.8491354373837376,-0.32541906542488636,-2.02809861865277,0.26394304230856164
-0.5340008803757653,-0.33057632870447623,-1.7385704623292206,0.9308190952035305
-0.29112337666374216,-0.2808721813444425,-1.9512911313442882,0.22149806977610415
-0.5801517827238788,-0.35348055565159703,-1.4005009220625741,0.18855617407581676
-0.14202157587918032,-0.5077983308613937,-1.6495145079855982,-0.25798683692595975
0.180436064526997,-0.07115100837727806,-1.4612313750606798,-0.33600981790227
-0.11214464479407125,0.12967216477534682,-1.0919631717843268,-0.2101565856988637
-0.6251728717886125,-0.39291951962873917,-1.659935905345355,-0.3397601592015097
-0.45280700899105314,-0.37264859709682246,-1.36149787681684,0.40658147175732373
0.3780958143460832,-0.21973915787026266,-1.848093318685183,0.0729383723892092
-1.835126406402745,-0.2234225151802166,-1.1923631749311137,0.29775696241136124
0.39792409526535977,-0.1528686046154294,-0.14654948865278028,-0.40312830310165426
-0.011040137127719396,-0.06989107276919693,-1.9661326030837334,0.3246768535360832
0.1056914214030258,-0.4726529173902402,-1.1983169332214323,0.042402167680081176
-0.35460649929070914,-0.5964331643078772,-1.6330788621817618,0.1419213020520686
-0.03971812853957839,0.061032800291136884,-2.117372315569011,-0.27581693249148587
-0.42570963679743434,-0.08727882130234127,-1.4660083671640187,-0.6116054292882855
-0.6055818284706495,0.057697561841685674,-2.068608214199158,0.0768394556978744
0.3088166444323156,-0.36951761486119494,-1.2028150699641866,-0.03329898300009078
-0.2608719999203759,-0.26119483925313214,-1.7285905265344506,0.11261490660179449
-0.09802108776706442,-0.03211685898863659,-1.2903056313381316,0.2768362295862904
-0.38579839075638633,0.2813109556778115,-1.5497741435910273,-0.397773540619797
-0.17295529535819,-0.592303730190318,-1.1907312970700596,0.6144566155118376
0.1853959081666019,-0.07726202229504237,-2.141393051094743,-0.014139130948635115
0.46075763212593657,-0.583068847889374,-1.3835859620850184,-0.07094202544219247
-0.4348981398809312,-0.26274806824560454,-1.7675151812325196,-0.125417302850701
0.22822245074276432,-0.012118958210461106,-1.4743459873241198,-0.04922019823442854
0.2574448949098986,-0.6038557251973973,-1.6013819609833218,0.1806636611319667
-0.3072524803048422,-0.19763834305649103,-1.228806242841211,0.03672906161931472
-0.05548057627588923,-0.164909258838668,-1.1566138888023834,0.2544870982148503
0.31730089175537796,-0.5791456182072505,-1.320832937067617,0.029551334195094925
-0.008524801579341372,-0.34262777931578325,-1.5146097191063799,0.5101157633862478
-0.2462620075312399,-0.36783842075703194,-1.799055803928073,-0.060506487418599014
-0.18958993415734904,-0.40457407295465486,-1.8307753945625413,-0.05952730622089821
-0.7501666311814817,-0.6428485331166144,-1.6124046426172256,-0.06014818930865698
0.34564731941268545,0.08190968324836195,-1.700265954306131,-0.13488908509690856
-0.14726173332135642,0.09274310103807015,-1.9306733665969391,-0.3493238710787265
-0.08362473813629526,-0.33271392604033745,-1.8326595523848015,0.21047361532013054
-0.29086170854438614,-0.9972002828110739,-1.3721614633166537,0.08375573293758394
0.11373515647560445,0.2231737630246955,-1.9401441609973316,0.23762572313665348
-0.8276866116118387,-0.9418842263409326,-2.001168789257557,-0.10700988319103891
0.08887841351228998,-0.3393667347036477,-1.8341707907235603,0.6779476379380202
-0.8010846250936285,-0.1922060811004649,-1.6135262099661007,0.038168108357543945
-0.2854732641337603,-0.3036358577784213,-1.1145589257007589,-0.14035087554734021
-0.08381362013078508,-1.0631517468548948,-1.7701505987162005,-0.28881298684072143
0.12036051333947269,-0.32829614193778006,-1.40359330244784,0.639373712948874
-0.11526963247462642,-0.1665699729189898,-1.7056339250447718,-0.3137247359015819
-0.4106547233591752,-0.4175153603676028,-1.3161642141612537,-0.15727445311490262
-0.6606622777635994,-0.4837510391732127,-1.8774098360583384,0.4812413070400229
-0.18460373801942187,0.13574142577978615,-1.7679871150485886,0.023306794802279
-0.3129104704113224,-0.48771969557781136,-2.068520781907065,0.4061441619369744
-0.10326195903495332,-1.0512949675801493,-1.9012183581345965,-0.04712979030004667
-1.544957118600912,-0.5302565533408667,-2.062106961069489,-0.5548479484419742
-0.5156682586696582,-0.19141471384021003,-0.4114308070322208,0.2821841385608038
-0.4835807918919837,0.21739091325468568,-1.4738969835391442,-0.16949647422225728
0.13831842922934626,-0.6807415654789161,-1.8908327669028664,0.3322746747428847
0.36753886563414384,0.15175936982699356,-1.874755074594955,0.7009654593841803
0.11592057443019771,-0.5767217914417144,-1.769079279131961,-0.1731227261599509
-0.17965388207038047,-0.6297396415704912,-1.7049980924524677,-0.2079502897662874
-0.2201229885531977,-0.5582495830411336,-2.066572151340832,0.37726497141484344
-0.3588906099241951,-0.3252161399846848,-1.954641132688934,-0.04181196448274899
0.005532107548282095,-0.003955734261702648,-1.4559103529635173,-0.4782840469071393
-0.20896577221401427,-0.4846060042389264,-1.1171515993605072,-0.1796784469242184
-0.3096729492569898,0.04116150933618884,-2.0823455592949327,-0.22874249235016786
-0.35745093584806636,-0.5309326047796652,-1.5349498494656446,-0.5559354285338384
-0.030956839354520815,-0.2549469283237974,-1.8130298746115465,0.20393903640400693
0.6266226121352718,-0.13111952308619187,-1.9979902786460286,-0.3548087996758829
-0.14555568447340148,-0.05862221619228192,-1.756069852491415,0.31962486218020236
-0.18691103332560344,-1.0644490276853458,-2.0662357152775264,0.11869482459567719
-0.4296141345537303,0.061526398303420216,-2.024990058025497,-0.003496731144638013
-0.6239460765691871,-0.199143665387976,-1.715153646702709,-0.007360238094791971
-0.6492583384786481,-0.5882149218110851,-1.7101471380640096,-0.13882326376196139
-0.14637330089848524,0.2904742384107768,-1.0364493640881844,0.050449623915359995
-0.430119047134907,-0.890494746805613,-1.8138347817156952,-0.33008598233773045
0.5188000421129896,-0.5460190461212291,-1.4915197564436578,0.0008282532545112534
-0.5916879300265572,-0.5456256056427791,-1.1426266318033647,0.04354971730848656
-0.04237096995002382,-0.3866218104779826,-1.1342641946632828,0.12740619735605213
-0.22566690241035284,0.5080941716614253,-1.289470745295737,0.4463450123325407
0.7863659039919776,-0.6358898440098841,-1.18942053710752,-0.0028265710295402036
-0.009867167237682918,0.030556058120523144,-2.1160331545879596,0.14492635113978794
-0.605914348701053,0.3565581616233738,-2.031466922349127,-0.13620869476886055
-0.4275028937456318,-0.24800528927642324,-1.0335470945403726,-0.4744417568721449
-0.8077473608620014,0.08720421836284217,-1.1685115074010142,0.4764047380942642
0.44468709924053085,-0.33789560104956057,-1.0953343439487337,0.14151273344027904
-0.2185774695669141,-0.5203583027606331,-1.8363816514837366,-0.08571138632033518
-0.3065225198537377,-0.5327683881536314,-2.043440846997632,-0.3305853997280683
-0.4061076531566393,-0.056828890454768605,-1.46042546380359,0.0027843751865799793
-0.4001844278632434,0.32659569822894285,-2.0967250644530857,0.023631551074062368
-0.22346449950731798,-0.5468571929593687,-2.111433427387483,0.17955352271757136
-0.32285941687260394,-0.10814608570341394,-2.043698959253479,0.11359538002250003
-0.19591058597057756,-0.9471346037808852,-1.2994129748908159,0.13808334978980746
0.5066747125376743,-0.509544589544184,-2.0894549192329137,0.036581242350010444
-0.1287818702603119,-0.8436952718790239,-1.9366061984291785,-0.10931137804196876
-0.49371267985567324,-0.48117671110699994,-2.008363642701262,0.049917542063464215
0.27170541266685444,0.25453693904809865,-1.980832742298992,-0.10250248656619967
0.06071925944592843,-1.2558832695732836,-2.106644266696188,0.41442472691506405
-0.3713998463583802,-0.1480586906555354,-1.9504492235012867,0.4315953228062436
-0.33412499221454656,-0.17379034304898133,-1.1297186001848862,-0.6015443315813273
-0.39989263624305793,-0.48697697160524794,-1.0973822251016745,0.18875727499854694
0.09632285763086357,-0.5755051802611808,-1.5097796642251193,-0.5678481865896916
0.15146664103791793,-0.2082872125629534,-1.137774400667599,0.08247348305167608
1.7648158118309338,-0.04791681636957956,-1.918927521584374,-0.11774419573602012
0.08262252197687617,-0.6312701014638881,-1.537774350404756,0.17384659014089665
-0.2845801150609575,-0.6992012345677215,-2.064425296900029,0.05676197356999213
-0.30098280003991496,0.13393795011230702,-2.0353631204975198,0.08773971687171309
-0.1815983525503208,-0.23800228632901643,-1.9559592076139265,0.35165042990856143
-0.38140558540244324,-0.24960152453870293,-1.1091921496989727,0.5512955829636413
-0.24261250406533724,-0.5062532423769162,-1.3375675806279965,0.16757543671698874
0.3581434915495943,-0.31567258958477346,-1.8925662571955195,-0.36899608343988294
0.18902915520064592,-0.17481554653667625,-1.9175983874205185,0.48484591316232706
-0.3921463507782674,0.03449729600641305,-1.354418704916794,0.02783774209696191
-0.6319223645918591,0.39017865463413615,-1.9921288616020556,0.06859972176044118
-0.2716631733792496,-0.3846930934526424,-1.5028530672113738,0.6987682929103878
-0.39105593443540054,-0.4338317534093776,-2.1400343264516706,0.29370409811782994
0.008099105111336935,-0.2797281094250508,-1.2712110870134388,-0.3989959578758776
-0.6500282831820341,-0.9693921719855292,-1.8682605499754648,-0.07152370786724266
-0.035417287236150743,0.0918570018207886,-1.6277262981967884,0.20596577312140807
-0.055104672946368394,-0.77173719772863,-2.1672572828575905,-0.2583181659165439
-0.6089675928630243,-0.8279136724373115,-2.0909199999999584,0.1301561573469684
-0.28952856854727355,0.013355215601091708,-1.9814258465677206,-0.32523226330555144
-0.6298676198116235,-0.13735628683806822,-2.0706155169913645,0.5529106755065172
-0.05514426627284569,-0.6151779135280074,-1.808629887909901,-0.4542434034903278
0.6582490522605438,-0.9133787227482344,-1.4609627379889119,0.06874858956263022
-0.16599888748433905,-0.20167835216661595,-1.3320033318441469,-0.2553907102263596
-0.08608227519853161,0.41889374231344406,-1.6590810062608643,-0.27870735805917085
-0.8113167470709657,-1.1750184224683435,-1.9590993791181364,0.4817340591227256
-0.6565664369869959,-0.604636195613661,-1.5596817428539382,0.5199313141861476
-0.06316982164042306,-0.23293756725900847,-1.597182448463063,-0.27713992595241993
-0.360141998087114,-0.4756470256642585,-1.1728447440286767,-0.16500432179013885
-0.26067068712574637,-0.6016926552072049,-1.8754776135080147,-0.30585559048141564
-0.30286056505876635,0.13771493148478942,-1.8767141053124363,-0.6753184441738914
-0.5928799306023338,-0.6392764740698875,-1.4714584798699857,0.10594164184223606
-0.3043869494453729,0.09195989747315758,-1.6615618727024386,0.2379194598519786
-0.013763646089471199,-0.07707543116026094,-1.1707845742143586,-0.17174485257389144
-0.8515348831590688,-0.4571570460959944,-1.474890305142603,-0.5926656131210621
0.6067640443585017,-0.20774098642843974,-1.9417923251453546,-0.14580745735291406
-1.3097104369667485,-1.2267696516625182,-1.9485832800022536,0.018634476837034564
-0.16529351370917836,-0.3054491420304759,-1.3137254983730786,-0.1887015033622529
0.3092616802958031,-0.5666473689308031,-2.0778132475466253,-0.7931645516306345
0.20604202775670855,-0.544614186656666,-1.5181313271937664,-0.00957032737010538
-0.8519450518174779,0.05213366583000434,-1.30024413829531,-0.06036143718467729
-0.24226751659253953,-0.14496154397776836,-1.856145020783777,-0.11080476345689796
-0.10868161443244102,-0.4014707140682144,-1.52112168869168,0.5738159329834346
-0.1388012323195004,0.1363338864132952,-1.505288726500698,-0.03098419919982348
-0.5474816043522662,-0.2999705893574717,-2.0727129130832527,-0.3892971436492946
0.36085059385246787,-0.4189645870603327,-1.4288239048930893,0.3265729929311312
-0.27772983817154295,0.034739700932620965,-2.0885464806607255,0.47452213163459406
0.26814054459913506,-0.5601063427382179,-1.6305894131830319,-0.18340745271894696
-0.4213356814302893,0.43943975865807566,-2.0623816682523617,-0.29200780502560986
-1.0931943208021369,-0.5845654831548871,-1.6381310948157797,-0.42361207494347675
0.007337562019773924,0.04447912254676156,-1.6376824213318415,0.4223481216675391
-0.1984685511597913,-0.7431489561167638,-1.380187732656464,-0.20756612491885212
0.01202661673623695,-0.9591634091443845,-2.139861348838222,-0.10842392008281558
0.08765999133840233,0.1731659909520621,-1.8408735564465595,-0.824043276144774
-0.7440599185172561,-0.4586900295195907,-1.6919971928538842,0.4207004482829566
0.04588370186131191,-0.34252479039938794,-1.7993850195731813,0.5883722746781966
-0.48204800592435215,-0.33870568704840487,-1.8607197302634673,0.17704848371457127
-0.13449060424606493,-1.088399347325743,-1.4556815612545844,-0.007454509224456229
-0.12668832244689432,-0.14461327394479523,-1.554681437632879,0.01952336040329891
-0.004987744407040251,-0.8394269321731476,-1.2310203777149114,0.15765414288369542
0.21675362788078428,-0.3610649109709809,-1.3042366444070248,0.0547953909025819
0.2453611726237352,-0.03141462993515909,-2.0887789211816368,-0.4001376141393059
0.06641736420389036,-0.45803771737170246,-1.1699013417361765,0.5411462843832572
-0.4402202992003391,0.46502559317230263,-1.873629217739362,0.21061517454388234
-0.08773805065003767,-0.1095902978357178,-1.2459031724301757,0.30573439882455344
-0.6960974713783472,-0.606232658074085,-1.7968080354485048,0.31018273540616975
-0.09224021601875512,-0.6945719575237793,-1.5339383859695976,0.31214762634069915
-0.05345179127285063,-0.6329116725890467,-1.9600862854638672,-0.019192148161574593
-0.20946452587327752,-0.029189819831494546,-2.0601976362010976,-0.6766139958204406
0.4163315226941562,-0.29499694574032886,-2.1422118806471966,-0.000685366315771152
0.30526546607360505,-0.1112702121921263,-1.37643187165777,-0.07612569321378891
-0.4121939011710922,-0.4093515048265292,-1.9642876545893215,-0.1833736043732596
-0.22408289566107942,-0.6987861475341299,-1.3623576559927426,0.15131770493534086
-0.1059031197790406,0.2081336346457181,-2.0868431635188003,-0.15566557062849595
-0.10449504142978955,-0.5616834792465912,-1.141326216923503,-0.09278785362530484
-0.7622797161892194,-0.2461990662217731,-1.2560426233515551,-0.06715072207672583
-0.5841015369057314,-0.3588908447517047,-1.0240811510946541,-0.11011521589305062
-0.1559166259289727,-0.35376064782479155,-2.0776628256054637,-0.18159597915558798
-0.2902181506940418,-0.4864846169794411,-1.2211571759613011,0.4604836466447535
-0.4595157009614425,-0.3084543819194118,-1.8929771927326076,-0.6912774317993513
-0.43056813650803794,-0.015152099196644231,-1.5700559741383855,-0.2612025652209687
-0.10058758660746181,-0.3505812323153564,-1.878828785932799,-0.020245091503540355
-0.2615273633467977,-0.5644313141511202,-1.2480224659499988,0.3172227525976815
-0.7496890856546018,-0.44256984190822435,-1.8565313988868182,-0.31364595505956105
-3.381428505069568,-0.8806897035631505,-1.9352198484497707,-0.014444506216972616
-0.5541006730164987,0.15339016034265862,0.2698375394581888,-0.294587688150269
0.03257143504163512,-0.43365691535964046,-1.17078976559326,-0.40037229958902465
0.8186409493219663,-0.6051971969673224,-1.2176949545849385,-0.4886110893206692
-0.813057209568546,-0.31550233390631655,-1.4175669344393842,-0.8744407136455434
-0.45400771795458617,-0.15893535451792182,-1.9020102699514667,-0.5849445235701661
0.2715703192960078,-0.522320071099662,-1.7070852502489986,0.07067594229219239
-0.4304954810854651,-0.5028841946881102,-1.703050031800586,0.42697826038806885
0.09352045789371127,-0.8152068883407788,-1.416333798788969,0.17092479959328377
-0.5714971658157539,-0.28499891546992806,-1.494361661771501,-0.21377100999688492
-0.15163766150726765,-0.4638877344819696,-1.4196115735870163,0.6545910762727486
0.16852888074068226,-0.37952037388817245,-1.8837879969582187,0.0010150204121202114
-0.13052400277997406,-0.1252298517217456,-1.9476241315188936,-0.378073835433539
-0.8349929950069305,-0.025427532566657418,-1.794529682506085,0.02000281398795807
